{
	"meshdim" : [ 4, 4 ],
	"nurbs_order" : [ 1, 1 ],
	"layer" : 0,
	"blend" : "alphablend",
	"lock_to_aspect" : 0,
	"color" : [ 1, 1, 1, 1 ],
	"grid_color" : [ 0.081108095016784, 0.162926025744708, 0.942846254802054, 1 ],
	"show_ui" : 0,
	"point_size" : 10,
	"grid_size" : 3,
	"windowRatio" : 1.6,
	"positionMat" : 	{
		"scale" : [ 1.140000104904175, 0.651666671037674 ],
		"center" : [ 0.294166989158839, -0.107499957084656 ],
		"rotatez" : 1,
		"planecount" : 3,
		"type" : "float32",
		"dimensions" : [ 4, 4 ],
		"vertices" : "[[-0.8350974917411804,-0.7805489301681519,0],[-0.8421382308006287,-0.3461729884147644,0],[-0.8491796851158142,0.08820578455924988,0],[-0.8552272915840149,0.5207880139350891,0],[-0.0752134621143341,-0.7662270665168762,0],[-0.08225405216217041,-0.3318502902984619,0],[-0.08929544687271118,0.10252790153026581,0],[-0.09633642435073853,0.5369068384170532,0],[0.6846694350242615,-0.7519065737724304,0],[0.6776286363601685,-0.3175276815891266,0],[0.670587956905365,0.1168501228094101,0],[0.6635479927062988,0.5512274503707886,0],[1.444551706314087,-0.7375829219818115,0],[1.4375123977661133,-0.3032054305076599,0],[1.4304709434509277,0.1311728060245514,0],[1.423431396484375,0.5655494928359985,0]]"
	}

}
